,player_id,rapm_off,rapm_def,rapm,rapm_rank,rapm_off_rank,rapm_def_rank,rapm_intercept,player_name,min_season,max_season
135,201939.0,5.4,0.94,6.34,1.0,1.0,83.0,103.25,Stephen Curry,2017,2017
72,200768.0,3.28,1.79,5.07,2.0,11.0,27.0,103.25,Kyle Lowry,2017,2017
19,2544.0,4.5,0.56,5.06,3.0,2.0,131.0,103.25,LeBron James,2017,2017
285,203497.0,1.17,3.67,4.84,4.0,74.0,1.0,103.25,Rudy Gobert,2017,2017
47,101108.0,2.48,1.96,4.44,5.0,26.0,20.0,103.25,Chris Paul,2017,2017
213,202710.0,2.11,2.28,4.38,7.0,31.0,12.0,103.25,Jimmy Butler,2017,2017
247,203109.0,2.56,1.82,4.38,6.0,24.0,25.0,103.25,Jae Crowder,2017,2017
116,201580.0,3.84,0.45,4.29,8.0,4.0,141.0,103.25,JaVale McGee,2017,2017
172,202335.0,2.58,1.63,4.21,9.0,20.0,34.0,103.25,Patrick Patterson,2017,2017
153,201976.0,3.13,0.99,4.13,11.0,13.0,78.0,103.25,Patrick Beverley,2017,2017
347,203999.0,3.3,0.83,4.13,10.0,9.0,94.0,103.25,Nikola Jokic,2017,2017
60,101161.0,1.28,2.77,4.05,12.0,69.0,4.0,103.25,Amir Johnson,2017,2017
248,203110.0,1.44,2.39,3.82,13.0,55.0,8.0,103.25,Draymond Green,2017,2017
227,203078.0,3.26,0.54,3.8,14.0,12.0,133.0,103.25,Bradley Beal,2017,2017
105,201566.0,3.69,-0.01,3.68,15.0,7.0,234.0,103.25,Russell Westbrook,2017,2017
199,202691.0,2.15,1.2,3.35,16.0,29.0,65.0,103.25,Klay Thompson,2017,2017
156,201988.0,1.67,1.52,3.19,17.0,44.0,41.0,103.25,Patty Mills,2017,2017
271,203469.0,0.69,2.45,3.14,18.0,116.0,6.0,103.25,Cody Zeller,2017,2017
106,201567.0,1.87,1.18,3.05,19.0,38.0,67.0,103.25,Kevin Love,2017,2017
77,200794.0,1.03,2.0,3.03,21.0,84.0,18.0,103.25,Paul Millsap,2017,2017
288,203501.0,2.8,0.23,3.03,20.0,15.0,182.0,103.25,Tim Hardaway Jr.,2017,2017
81,201144.0,2.58,0.32,2.89,22.0,23.0,165.0,103.25,Mike Conley,2017,2017
123,201588.0,1.36,1.51,2.87,23.0,63.0,44.0,103.25,George Hill,2017,2017
79,201142.0,2.75,-0.06,2.69,25.0,17.0,246.0,103.25,Kevin Durant,2017,2017
203,202695.0,3.47,-0.77,2.69,24.0,8.0,374.0,103.25,Kawhi Leonard,2017,2017
262,203382.0,0.34,2.29,2.63,26.0,156.0,10.0,103.25,Aron Baynes,2017,2017
291,203506.0,-0.77,3.33,2.57,27.0,364.0,2.0,103.25,Victor Oladipo,2017,2017
125,201599.0,1.28,1.24,2.52,28.0,67.0,63.0,103.25,DeAndre Jordan,2017,2017
68,200752.0,0.6,1.9,2.49,29.0,129.0,23.0,103.25,Rudy Gay,2017,2017
198,202689.0,2.87,-0.4,2.48,30.0,14.0,316.0,103.25,Kemba Walker,2017,2017
168,202330.0,1.69,0.73,2.42,31.0,43.0,112.0,103.25,Gordon Hayward,2017,2017
299,203526.0,0.77,1.65,2.41,32.0,106.0,31.0,103.25,Raul Neto,2017,2017
118,201583.0,1.62,0.77,2.39,33.0,45.0,104.0,103.25,Ryan Anderson,2017,2017
209,202703.0,1.52,0.86,2.38,34.0,52.0,90.0,103.25,Nikola Mirotic,2017,2017
167,202329.0,0.23,2.13,2.36,35.0,175.0,15.0,103.25,Al-Farouq Aminu,2017,2017
166,202328.0,2.76,-0.41,2.35,36.0,16.0,319.0,103.25,Greg Monroe,2017,2017
127,201601.0,0.02,2.29,2.31,37.0,215.0,11.0,103.25,Luc Mbah a Moute,2017,2017
59,101150.0,2.58,-0.29,2.29,38.0,21.0,298.0,103.25,Lou Williams,2017,2017
0,1713.0,1.28,1.0,2.28,39.0,70.0,75.0,103.25,Vince Carter,2017,2017
169,202331.0,2.02,0.24,2.26,40.0,33.0,180.0,103.25,Paul George,2017,2017
131,201933.0,2.23,-0.04,2.19,41.0,28.0,241.0,103.25,Blake Griffin,2017,2017
107,201568.0,1.58,0.58,2.16,42.0,46.0,128.0,103.25,Danilo Gallinari,2017,2017
416,1627736.0,0.73,1.42,2.15,43.0,113.0,52.0,103.25,Malik Beasley,2017,2017
191,202681.0,3.76,-1.63,2.14,44.0,5.0,463.0,103.25,Kyrie Irving,2017,2017
33,2734.0,0.55,1.48,2.04,45.0,132.0,45.0,103.25,Devin Harris,2017,2017
270,203468.0,2.06,-0.03,2.03,46.0,32.0,238.0,103.25,CJ McCollum,2017,2017
378,1626167.0,0.93,1.06,2.0,47.0,94.0,72.0,103.25,Myles Turner,2017,2017
266,203460.0,0.45,1.54,1.99,48.0,147.0,39.0,103.25,Andre Roberson,2017,2017
477,1627855.0,1.55,0.44,1.99,49.0,50.0,144.0,103.25,Okaro White,2017,2017
27,2585.0,0.65,1.33,1.97,51.0,122.0,56.0,103.25,Zaza Pachulia,2017,2017
256,203141.0,0.38,1.6,1.97,50.0,152.0,37.0,103.25,Mirza Teletovic,2017,2017
155,201980.0,0.12,1.83,1.95,52.0,192.0,24.0,103.25,Danny Green,2017,2017
76,200782.0,0.51,1.43,1.94,53.0,136.0,50.0,103.25,P.J. Tucker,2017,2017
295,203516.0,-0.14,2.01,1.87,54.0,250.0,17.0,103.25,James Ennis III,2017,2017
53,101133.0,-0.09,1.92,1.83,55.0,239.0,21.0,103.25,Ian Mahinmi,2017,2017
5,1938.0,1.45,0.35,1.8,56.0,54.0,160.0,103.25,Manu Ginobili,2017,2017
238,203090.0,2.0,-0.21,1.79,57.0,34.0,286.0,103.25,Maurice Harkless,2017,2017
330,203937.0,-0.36,2.14,1.78,58.0,295.0,14.0,103.25,Kyle Anderson,2017,2017
3,1891.0,0.08,1.66,1.73,59.0,202.0,30.0,103.25,Jason Terry,2017,2017
483,1627884.0,0.95,0.72,1.67,60.0,92.0,114.0,103.25,Derrick Jones Jr.,2017,2017
306,203613.0,-0.73,2.4,1.67,61.0,356.0,7.0,103.25,Jonathon Simmons,2017,2017
326,203932.0,1.8,-0.16,1.64,62.0,40.0,273.0,103.25,Aaron Gordon,2017,2017
35,2738.0,1.41,0.2,1.62,63.0,59.0,189.0,103.25,Andre Iguodala,2017,2017
161,202322.0,2.44,-0.85,1.6,64.0,27.0,392.0,103.25,John Wall,2017,2017
471,1627848.0,1.89,-0.31,1.58,66.0,36.0,304.0,103.25,Shawn Long,2017,2017
273,203473.0,-0.73,2.32,1.58,65.0,355.0,9.0,103.25,Dewayne Dedmon,2017,2017
40,2754.0,0.19,1.38,1.57,67.0,183.0,53.0,103.25,Tony Allen,2017,2017
225,203076.0,-0.43,2.0,1.56,68.0,305.0,19.0,103.25,Anthony Davis,2017,2017
340,203954.0,-0.09,1.64,1.55,70.0,240.0,32.0,103.25,Joel Embiid,2017,2017
441,1627763.0,1.71,-0.15,1.55,69.0,42.0,271.0,103.25,Malcolm Brogdon,2017,2017
181,202355.0,1.25,0.29,1.54,71.0,71.0,167.0,103.25,Hassan Whiteside,2017,2017
222,202732.0,0.26,1.28,1.54,72.0,168.0,59.0,103.25,DeAndre Liggins,2017,2017
113,201577.0,0.65,0.87,1.52,74.0,121.0,89.0,103.25,Robin Lopez,2017,2017
230,203081.0,2.58,-1.06,1.52,75.0,22.0,423.0,103.25,Damian Lillard,2017,2017
293,203510.0,0.67,0.85,1.52,73.0,118.0,91.0,103.25,Pierre Jackson,2017,2017
42,2757.0,-0.01,1.52,1.52,76.0,221.0,40.0,103.25,Beno Udrih,2017,2017
69,200755.0,2.11,-0.6,1.51,77.0,30.0,346.0,103.25,JJ Redick,2017,2017
394,1626191.0,0.98,0.52,1.49,78.0,90.0,136.0,103.25,Chris McCullough,2017,2017
132,201935.0,3.29,-1.82,1.47,79.0,10.0,472.0,103.25,James Harden,2017,2017
329,203935.0,1.07,0.36,1.43,80.0,80.0,157.0,103.25,Marcus Smart,2017,2017
284,203496.0,-1.26,2.68,1.42,81.0,424.0,5.0,103.25,Robert Covington,2017,2017
278,203484.0,1.09,0.33,1.42,82.0,79.0,164.0,103.25,Kentavious Caldwell-Pope,2017,2017
430,1627750.0,1.28,0.12,1.4,83.0,68.0,206.0,103.25,Jamal Murray,2017,2017
39,2749.0,0.98,0.41,1.39,84.0,88.0,152.0,103.25,Jameer Nelson,2017,2017
348,204001.0,-0.18,1.56,1.38,85.0,258.0,38.0,103.25,Kristaps Porzingis,2017,2017
140,201949.0,-0.36,1.74,1.38,86.0,293.0,29.0,103.25,James Johnson,2017,2017
292,203507.0,0.25,1.12,1.37,87.0,170.0,71.0,103.25,Giannis Antetokounmpo,2017,2017
186,202397.0,0.46,0.88,1.34,88.0,145.0,87.0,103.25,Ish Smith,2017,2017
228,203079.0,0.89,0.45,1.33,89.0,99.0,142.0,103.25,Dion Waiters,2017,2017
224,202738.0,4.39,-3.06,1.33,90.0,3.0,485.0,103.25,Isaiah Thomas,2017,2017
344,203991.0,1.04,0.25,1.29,91.0,83.0,176.0,103.25,Clint Capela,2017,2017
455,1627785.0,0.43,0.85,1.28,92.0,148.0,92.0,103.25,Isaiah Whitehead,2017,2017
83,201147.0,0.36,0.91,1.27,93.0,154.0,85.0,103.25,Corey Brewer,2017,2017
304,203584.0,1.35,-0.09,1.26,95.0,65.0,256.0,103.25,Troy Daniels,2017,2017
165,202326.0,1.97,-0.71,1.26,94.0,35.0,367.0,103.25,DeMarcus Cousins,2017,2017
121,201586.0,0.64,0.61,1.26,96.0,124.0,122.0,103.25,Serge Ibaka,2017,2017
370,1626157.0,2.71,-1.46,1.25,97.0,18.0,453.0,103.25,Karl-Anthony Towns,2017,2017
468,1627832.0,-0.4,1.64,1.24,98.0,302.0,33.0,103.25,Fred VanVleet,2017,2017
9,2200.0,1.35,-0.17,1.18,99.0,66.0,276.0,103.25,Pau Gasol,2017,2017
206,202699.0,0.76,0.41,1.18,100.0,109.0,150.0,103.25,Tobias Harris,2017,2017
298,203524.0,-0.09,1.26,1.17,101.0,242.0,61.0,103.25,Solomon Hill,2017,2017
13,2225.0,0.54,0.61,1.15,103.0,133.0,124.0,103.25,Tony Parker,2017,2017
147,201960.0,0.42,0.74,1.15,102.0,150.0,111.0,103.25,DeMarre Carroll,2017,2017
260,203200.0,-0.2,1.33,1.13,104.0,266.0,55.0,103.25,Justin Holiday,2017,2017
1,1717.0,0.42,0.72,1.13,105.0,151.0,113.0,103.25,Dirk Nowitzki,2017,2017
102,201229.0,1.58,-0.45,1.13,106.0,47.0,324.0,103.25,Anthony Tolliver,2017,2017
108,201569.0,0.29,0.82,1.11,107.0,163.0,96.0,103.25,Eric Gordon,2017,2017
274,203476.0,-0.05,1.13,1.08,108.0,225.0,70.0,103.25,Gorgui Dieng,2017,2017
49,101112.0,1.16,-0.09,1.07,109.0,75.0,259.0,103.25,Channing Frye,2017,2017
283,203493.0,0.5,0.57,1.07,110.0,141.0,130.0,103.25,Reggie Bullock,2017,2017
66,200746.0,0.03,1.0,1.03,111.0,214.0,76.0,103.25,LaMarcus Aldridge,2017,2017
458,1627789.0,-0.44,1.45,1.01,112.0,306.0,49.0,103.25,Timothe Luwawu-Cabarrot,2017,2017
366,1626153.0,-0.61,1.61,1.0,113.0,335.0,35.0,103.25,Delon Wright,2017,2017
90,201158.0,1.18,-0.18,1.0,114.0,73.0,278.0,103.25,Marco Belinelli,2017,2017
231,203082.0,2.62,-1.64,0.99,118.0,19.0,464.0,103.25,Terrence Ross,2017,2017
202,202694.0,-0.81,1.8,0.99,115.0,371.0,26.0,103.25,Marcus Morris Sr.,2017,2017
280,203487.0,0.12,0.87,0.99,117.0,191.0,88.0,103.25,Michael Carter-Williams,2017,2017
250,203114.0,0.74,0.25,0.99,116.0,112.0,177.0,103.25,Khris Middleton,2017,2017
484,1628021.0,-0.31,1.28,0.97,119.0,284.0,60.0,103.25,David Nwaba,2017,2017
141,201950.0,-0.78,1.75,0.97,120.0,367.0,28.0,103.25,Jrue Holiday,2017,2017
11,2210.0,0.59,0.35,0.94,121.0,130.0,159.0,103.25,Richard Jefferson,2017,2017
2,1718.0,0.14,0.77,0.91,122.0,189.0,107.0,103.25,Paul Pierce,2017,2017
381,1626170.0,0.47,0.41,0.89,124.0,143.0,151.0,103.25,Jerian Grant,2017,2017
375,1626163.0,1.56,-0.67,0.89,123.0,49.0,356.0,103.25,Frank Kaminsky,2017,2017
307,203894.0,1.43,-0.55,0.88,125.0,57.0,336.0,103.25,Shabazz Napier,2017,2017
390,1626181.0,0.76,0.11,0.87,126.0,108.0,210.0,103.25,Norman Powell,2017,2017
182,202357.0,-1.05,1.91,0.86,127.0,403.0,22.0,103.25,Nemanja Bjelica,2017,2017
282,203490.0,0.7,0.13,0.83,129.0,115.0,205.0,103.25,Otto Porter Jr.,2017,2017
362,1626148.0,0.24,0.59,0.83,128.0,173.0,126.0,103.25,Anthony Brown,2017,2017
122,201587.0,1.02,-0.2,0.82,130.0,85.0,284.0,103.25,Nicolas Batum,2017,2017
246,203107.0,-0.13,0.94,0.81,131.0,248.0,82.0,103.25,Tomas Satoransky,2017,2017
144,201954.0,1.78,-0.99,0.79,132.0,41.0,413.0,103.25,Darren Collison,2017,2017
8,2199.0,0.75,0.04,0.79,133.0,111.0,222.0,103.25,Tyson Chandler,2017,2017
201,202693.0,-0.19,0.94,0.75,134.0,263.0,81.0,103.25,Markieff Morris,2017,2017
300,203527.0,0.0,0.74,0.75,135.0,220.0,110.0,103.25,Ryan Kelly,2017,2017
56,101139.0,0.6,0.13,0.73,136.0,128.0,203.0,103.25,CJ Miles,2017,2017
385,1626174.0,0.07,0.65,0.72,137.0,204.0,119.0,103.25,Christian Wood,2017,2017
261,203210.0,-0.07,0.79,0.72,139.0,233.0,100.0,103.25,JaMychal Green,2017,2017
413,1627733.0,0.5,0.22,0.72,138.0,140.0,186.0,103.25,Dragan Bender,2017,2017
114,201578.0,0.95,-0.26,0.69,140.0,93.0,296.0,103.25,Marreese Speights,2017,2017
440,1627762.0,0.26,0.42,0.68,141.0,167.0,148.0,103.25,Joel Bolomboy,2017,2017
54,101135.0,0.53,0.13,0.66,142.0,135.0,204.0,103.25,David Lee,2017,2017
98,201188.0,0.83,-0.18,0.65,143.0,101.0,280.0,103.25,Marc Gasol,2017,2017
176,202339.0,0.82,-0.18,0.64,144.0,103.0,279.0,103.25,Eric Bledsoe,2017,2017
403,1626210.0,0.27,0.36,0.63,145.0,164.0,158.0,103.25,Alan Williams,2017,2017
57,101141.0,-0.09,0.71,0.62,146.0,238.0,116.0,103.25,Ersan Ilyasova,2017,2017
474,1627851.0,0.01,0.61,0.62,148.0,219.0,123.0,103.25,Mindaugas Kuzminskas,2017,2017
405,1626246.0,0.25,0.37,0.62,147.0,171.0,155.0,103.25,Boban Marjanovic,2017,2017
355,204060.0,1.48,-0.86,0.61,149.0,53.0,396.0,103.25,Joe Ingles,2017,2017
311,203901.0,1.14,-0.53,0.61,150.0,77.0,331.0,103.25,Elfrid Payton,2017,2017
316,203914.0,3.74,-3.14,0.6,151.0,6.0,486.0,103.25,Gary Harris,2017,2017
363,1626149.0,1.43,-0.84,0.59,152.0,56.0,389.0,103.25,Montrezl Harrell,2017,2017
193,202683.0,1.39,-0.8,0.59,153.0,60.0,380.0,103.25,Enes Kanter,2017,2017
353,204028.0,-1.03,1.6,0.57,154.0,398.0,36.0,103.25,Tarik Black,2017,2017
164,202325.0,-0.74,1.31,0.57,155.0,358.0,57.0,103.25,Wesley Johnson,2017,2017
294,203512.0,0.37,0.19,0.56,156.0,153.0,192.0,103.25,Lucas Nogueira,2017,2017
287,203500.0,0.62,-0.06,0.56,157.0,127.0,244.0,103.25,Steven Adams,2017,2017
179,202348.0,1.88,-1.34,0.54,158.0,37.0,448.0,103.25,Jordan Crawford,2017,2017
376,1626164.0,1.37,-0.84,0.53,159.0,61.0,387.0,103.25,Devin Booker,2017,2017
325,203930.0,0.65,-0.12,0.52,160.0,123.0,267.0,103.25,Sean Kilpatrick,2017,2017
138,201943.0,0.96,-0.46,0.5,161.0,91.0,325.0,103.25,Brandon Jennings,2017,2017
26,2571.0,0.5,0.0,0.5,162.0,139.0,232.0,103.25,Leandro Barbosa,2017,2017
89,201156.0,0.98,-0.49,0.49,163.0,89.0,329.0,103.25,Nick Young,2017,2017
137,201942.0,1.52,-1.05,0.47,164.0,51.0,420.0,103.25,DeMar DeRozan,2017,2017
14,2365.0,0.75,-0.3,0.46,165.0,110.0,299.0,103.25,Chris Andersen,2017,2017
110,201572.0,0.42,0.03,0.45,166.0,149.0,226.0,103.25,Brook Lopez,2017,2017
148,201961.0,0.89,-0.45,0.44,168.0,97.0,322.0,103.25,Wayne Ellington,2017,2017
142,201951.0,0.2,0.25,0.44,167.0,180.0,178.0,103.25,Ty Lawson,2017,2017
401,1626204.0,-0.34,0.77,0.43,169.0,289.0,106.0,103.25,Larry Nance Jr.,2017,2017
317,203915.0,-0.23,0.65,0.42,171.0,273.0,120.0,103.25,Spencer Dinwiddie,2017,2017
305,203585.0,0.05,0.37,0.42,170.0,211.0,156.0,103.25,Rodney McGruder,2017,2017
303,203552.0,0.65,-0.26,0.4,172.0,119.0,293.0,103.25,Seth Curry,2017,2017
408,1626257.0,-1.09,1.47,0.38,173.0,409.0,47.0,103.25,Salah Mejri,2017,2017
151,201973.0,1.18,-0.81,0.38,174.0,72.0,382.0,103.25,Jonas Jerebko,2017,2017
328,203934.0,-0.1,0.47,0.37,175.0,244.0,139.0,103.25,Lamar Patterson,2017,2017
44,2772.0,1.41,-1.05,0.36,177.0,58.0,421.0,103.25,Trevor Ariza,2017,2017
216,202713.0,-0.64,0.99,0.36,179.0,341.0,77.0,103.25,Kyle Singler,2017,2017
469,1627834.0,0.47,-0.11,0.36,176.0,144.0,261.0,103.25,Georgios Papagiannis,2017,2017
143,201952.0,1.05,-0.69,0.36,180.0,82.0,362.0,103.25,Jeff Teague,2017,2017
150,201967.0,1.01,-0.65,0.36,178.0,86.0,348.0,103.25,Dante Cunningham,2017,2017
332,203940.0,-0.07,0.42,0.35,181.0,229.0,149.0,103.25,Adreian Payne,2017,2017
349,204002.0,0.11,0.23,0.34,182.0,194.0,184.0,103.25,Edy Tavares,2017,2017
104,201565.0,1.36,-1.05,0.32,184.0,62.0,422.0,103.25,Derrick Rose,2017,2017
451,1627781.0,-0.34,0.66,0.32,183.0,290.0,118.0,103.25,Malachi Richardson,2017,2017
342,203962.0,0.22,0.09,0.31,187.0,177.0,215.0,103.25,Josh Huestis,2017,2017
45,101106.0,-2.59,2.89,0.31,188.0,479.0,3.0,103.25,Andrew Bogut,2017,2017
136,201941.0,0.12,0.19,0.31,186.0,190.0,191.0,103.25,Jordan Hill,2017,2017
404,1626245.0,-0.58,0.89,0.31,185.0,330.0,86.0,103.25,Cristiano Felicio,2017,2017
360,1626145.0,1.35,-1.05,0.3,189.0,64.0,419.0,103.25,Tyus Jones,2017,2017
279,203486.0,1.81,-1.52,0.29,192.0,39.0,458.0,103.25,Mason Plumlee,2017,2017
465,1627823.0,1.0,-0.7,0.29,190.0,87.0,364.0,103.25,Juancho Hernangomez,2017,2017
10,2207.0,0.84,-0.55,0.29,191.0,100.0,335.0,103.25,Joe Johnson,2017,2017
183,202362.0,-0.64,0.91,0.28,197.0,342.0,84.0,103.25,Lance Stephenson,2017,2017
16,2403.0,-0.53,0.81,0.28,194.0,323.0,97.0,103.25,Nene,2017,2017
424,1627744.0,0.09,0.18,0.28,196.0,197.0,195.0,103.25,Brice Johnson,2017,2017
338,203952.0,2.55,-2.27,0.28,193.0,25.0,479.0,103.25,Andrew Wiggins,2017,2017
411,1627098.0,-0.86,1.13,0.28,195.0,375.0,69.0,103.25,Malcolm Delaney,2017,2017
92,201162.0,-1.19,1.45,0.26,199.0,417.0,48.0,103.25,Jared Dudley,2017,2017
65,101249.0,0.07,0.19,0.26,198.0,203.0,193.0,103.25,John Lucas III,2017,2017
310,203898.0,-0.52,0.78,0.26,200.0,322.0,102.0,103.25,Tyler Ennis,2017,2017
427,1627747.0,0.63,-0.38,0.25,201.0,126.0,312.0,103.25,Caris LeVert,2017,2017
380,1626169.0,0.23,0.0,0.24,202.0,174.0,231.0,103.25,Stanley Johnson,2017,2017
58,101145.0,1.05,-0.82,0.23,204.0,81.0,385.0,103.25,Monta Ellis,2017,2017
233,203084.0,-0.36,0.59,0.23,203.0,296.0,125.0,103.25,Harrison Barnes,2017,2017
80,201143.0,0.64,-0.42,0.22,206.0,125.0,321.0,103.25,Al Horford,2017,2017
220,202722.0,-0.05,0.27,0.22,205.0,227.0,172.0,103.25,Davis Bertans,2017,2017
263,203457.0,0.3,-0.09,0.21,208.0,161.0,258.0,103.25,Nerlens Noel,2017,2017
91,201160.0,-0.13,0.34,0.21,207.0,249.0,162.0,103.25,Jason Smith,2017,2017
219,202720.0,-1.06,1.25,0.19,209.0,405.0,62.0,103.25,Jon Leuer,2017,2017
61,101162.0,0.78,-0.6,0.17,210.0,105.0,347.0,103.25,Marcin Gortat,2017,2017
146,201959.0,-0.36,0.53,0.17,211.0,298.0,135.0,103.25,Taj Gibson,2017,2017
389,1626179.0,-1.27,1.42,0.16,214.0,427.0,51.0,103.25,Terry Rozier,2017,2017
185,202391.0,0.26,-0.1,0.16,212.0,166.0,260.0,103.25,Jeremy Lin,2017,2017
34,2736.0,-0.62,0.78,0.16,213.0,340.0,103.0,103.25,Luol Deng,2017,2017
315,203912.0,0.06,0.08,0.15,215.0,208.0,216.0,103.25,C.J. Wilcox,2017,2017
244,203098.0,0.21,-0.08,0.13,216.0,178.0,255.0,103.25,John Jenkins,2017,2017
473,1627850.0,0.21,-0.08,0.13,217.0,179.0,254.0,103.25,Marshall Plumlee,2017,2017
17,2440.0,-0.68,0.81,0.13,218.0,350.0,98.0,103.25,Matt Barnes,2017,2017
41,2756.0,-0.9,1.02,0.13,219.0,386.0,73.0,103.25,Sasha Vujacic,2017,2017
237,203089.0,-0.46,0.58,0.12,220.0,309.0,129.0,103.25,John Henson,2017,2017
396,1626195.0,-0.15,0.26,0.11,221.0,253.0,174.0,103.25,Willy Hernangomez,2017,2017
240,203093.0,-0.06,0.16,0.1,222.0,228.0,198.0,103.25,Terrence Jones,2017,2017
462,1627816.0,0.76,-0.67,0.1,223.0,107.0,354.0,103.25,Alex Poythress,2017,2017
78,200826.0,-0.74,0.83,0.09,224.0,357.0,95.0,103.25,J.J. Barea,2017,2017
87,201152.0,-0.16,0.23,0.08,225.0,254.0,183.0,103.25,Thaddeus Young,2017,2017
159,202087.0,0.05,0.02,0.07,226.0,210.0,227.0,103.25,Alonzo Gee,2017,2017
158,202083.0,0.08,-0.01,0.07,227.0,201.0,233.0,103.25,Wesley Matthews,2017,2017
296,203518.0,1.14,-1.07,0.06,228.0,76.0,426.0,103.25,Alex Abrines,2017,2017
398,1626199.0,-0.21,0.26,0.05,230.0,268.0,175.0,103.25,Darrun Hilliard,2017,2017
23,2561.0,-0.97,1.02,0.05,229.0,393.0,74.0,103.25,David West,2017,2017
318,203917.0,0.89,-0.85,0.04,231.0,98.0,393.0,103.25,Nik Stauskas,2017,2017
445,1627773.0,-0.1,0.13,0.03,232.0,245.0,202.0,103.25,AJ Hammons,2017,2017
96,201168.0,0.17,-0.15,0.03,233.0,184.0,269.0,103.25,Tiago Splitter,2017,2017
84,201148.0,0.05,-0.03,0.02,234.0,209.0,239.0,103.25,Brandan Wright,2017,2017
407,1626254.0,-0.32,0.33,0.01,235.0,286.0,163.0,103.25,Maurice Ndour,2017,2017
73,200770.0,0.33,-0.33,-0.0,238.0,158.0,306.0,103.25,Jordan Farmar,2017,2017
479,1627863.0,-0.03,0.03,-0.0,237.0,224.0,225.0,103.25,Danuel House Jr.,2017,2017
426,1627746.0,-0.22,0.22,0.0,236.0,269.0,187.0,103.25,Skal Labissiere,2017,2017
423,1627743.0,0.11,-0.12,-0.01,240.0,195.0,265.0,103.25,Demetrius Jackson,2017,2017
259,203186.0,-0.45,0.44,-0.01,241.0,308.0,146.0,103.25,Willie Reed,2017,2017
24,2563.0,0.07,-0.08,-0.01,239.0,206.0,253.0,103.25,Dahntay Jones,2017,2017
152,201975.0,1.12,-1.15,-0.02,242.0,78.0,433.0,103.25,Jodie Meeks,2017,2017
337,203950.0,0.03,-0.06,-0.03,243.0,212.0,245.0,103.25,Jarnell Stokes,2017,2017
120,201585.0,-1.54,1.51,-0.03,244.0,446.0,43.0,103.25,Kosta Koufos,2017,2017
346,203998.0,-0.32,0.27,-0.05,245.0,287.0,171.0,103.25,Bruno Caboclo,2017,2017
128,201609.0,0.83,-0.88,-0.05,246.0,102.0,398.0,103.25,Goran Dragic,2017,2017
364,1626150.0,-1.23,1.17,-0.06,248.0,423.0,68.0,103.25,Andrew Harrison,2017,2017
439,1627761.0,0.01,-0.06,-0.06,247.0,218.0,247.0,103.25,DeAndre' Bembry,2017,2017
446,1627774.0,-0.84,0.77,-0.07,251.0,373.0,105.0,103.25,Jake Layman,2017,2017
12,2216.0,-0.17,0.1,-0.07,249.0,256.0,214.0,103.25,Zach Randolph,2017,2017
297,203521.0,0.19,-0.26,-0.07,250.0,182.0,294.0,103.25,Matthew Dellavedova,2017,2017
351,204020.0,-0.5,0.41,-0.09,253.0,318.0,154.0,103.25,Tyler Johnson,2017,2017
448,1627777.0,0.22,-0.31,-0.09,252.0,176.0,302.0,103.25,Georges Niang,2017,2017
463,1627817.0,-0.27,0.18,-0.1,254.0,279.0,196.0,103.25,Tim Quarterman,2017,2017
420,1627740.0,-0.18,0.08,-0.1,255.0,260.0,217.0,103.25,Henry Ellenson,2017,2017
52,101127.0,-0.23,0.11,-0.12,256.0,274.0,208.0,103.25,Jarrett Jack,2017,2017
480,1627868.0,-0.08,-0.05,-0.13,257.0,236.0,242.0,103.25,Patricio Garino,2017,2017
149,201962.0,0.8,-0.93,-0.13,258.0,104.0,404.0,103.25,Toney Douglas,2017,2017
431,1627751.0,-1.49,1.35,-0.14,260.0,442.0,54.0,103.25,Jakob Poeltl,2017,2017
180,202349.0,-0.07,-0.07,-0.14,259.0,232.0,249.0,103.25,Greivis Vasquez,2017,2017
367,1626154.0,-0.35,0.2,-0.15,261.0,291.0,190.0,103.25,RJ Hunter,2017,2017
356,204067.0,-0.61,0.46,-0.15,262.0,338.0,140.0,103.25,Jarell Eddie,2017,2017
117,201582.0,-0.62,0.47,-0.16,263.0,339.0,138.0,103.25,Alexis Ajinca,2017,2017
93,201163.0,1.58,-1.75,-0.17,264.0,48.0,468.0,103.25,Wilson Chandler,2017,2017
173,202336.0,-0.11,-0.07,-0.18,265.0,246.0,250.0,103.25,Larry Sanders,2017,2017
391,1626184.0,0.17,-0.36,-0.18,266.0,185.0,310.0,103.25,Chasson Randle,2017,2017
345,203994.0,-1.49,1.29,-0.2,267.0,443.0,58.0,103.25,Jusuf Nurkic,2017,2017
134,201937.0,0.32,-0.52,-0.21,268.0,159.0,330.0,103.25,Ricky Rubio,2017,2017
435,1627756.0,-0.47,0.26,-0.21,269.0,314.0,173.0,103.25,Denzel Valentine,2017,2017
236,203087.0,0.92,-1.14,-0.22,271.0,95.0,432.0,103.25,Jeremy Lamb,2017,2017
103,201563.0,0.51,-0.73,-0.22,272.0,138.0,370.0,103.25,Michael Beasley,2017,2017
365,1626151.0,-0.23,0.02,-0.22,270.0,272.0,228.0,103.25,Aaron Harrison,2017,2017
343,203967.0,-0.98,0.75,-0.23,273.0,394.0,109.0,103.25,Dario Saric,2017,2017
20,2546.0,0.72,-0.95,-0.23,274.0,114.0,409.0,103.25,Carmelo Anthony,2017,2017
379,1626168.0,-0.69,0.44,-0.25,276.0,351.0,143.0,103.25,Trey Lyles,2017,2017
75,200779.0,-0.09,-0.17,-0.25,277.0,241.0,275.0,103.25,Steve Novak,2017,2017
170,202332.0,0.33,-0.58,-0.25,275.0,157.0,343.0,103.25,Cole Aldrich,2017,2017
184,202389.0,-1.45,1.19,-0.26,279.0,439.0,66.0,103.25,Timofey Mozgov,2017,2017
406,1626253.0,-0.24,-0.03,-0.26,280.0,275.0,237.0,103.25,Axel Toupane,2017,2017
444,1627771.0,0.07,-0.33,-0.26,278.0,205.0,307.0,103.25,Michael Gbinije,2017,2017
215,202712.0,-0.19,-0.09,-0.28,282.0,262.0,257.0,103.25,Justin Harper,2017,2017
432,1627752.0,-2.55,2.27,-0.28,283.0,478.0,13.0,103.25,Taurean Prince,2017,2017
187,202407.0,-0.33,0.05,-0.28,281.0,288.0,221.0,103.25,Elijah Millsap,2017,2017
51,101123.0,0.29,-0.59,-0.3,284.0,162.0,345.0,103.25,Gerald Green,2017,2017
481,1627875.0,-0.19,-0.13,-0.31,285.0,261.0,268.0,103.25,Marcus Georges-Hunt,2017,2017
397,1626196.0,-1.05,0.71,-0.34,287.0,404.0,115.0,103.25,Josh Richardson,2017,2017
255,203138.0,-1.13,0.8,-0.34,286.0,412.0,99.0,103.25,Hollis Thompson,2017,2017
111,201573.0,-0.28,-0.07,-0.35,288.0,280.0,251.0,103.25,Jerryd Bayless,2017,2017
129,201627.0,0.03,-0.38,-0.35,289.0,213.0,313.0,103.25,Anthony Morrow,2017,2017
190,202620.0,-0.25,-0.12,-0.36,290.0,276.0,262.0,103.25,Arinze Onuaku,2017,2017
374,1626162.0,-0.48,0.11,-0.37,291.0,315.0,209.0,103.25,Kelly Oubre Jr.,2017,2017
425,1627745.0,-0.39,0.01,-0.38,292.0,301.0,230.0,103.25,Damian Jones,2017,2017
354,204038.0,-0.58,0.18,-0.4,293.0,331.0,194.0,103.25,Langston Galloway,2017,2017
459,1627791.0,-0.19,-0.22,-0.41,295.0,264.0,289.0,103.25,Ben Bentil,2017,2017
188,202412.0,-0.22,-0.19,-0.41,294.0,271.0,281.0,103.25,Manny Harris,2017,2017
436,1627757.0,-0.07,-0.36,-0.43,297.0,231.0,311.0,103.25,Stephen Zimmerman,2017,2017
249,203112.0,-0.36,-0.07,-0.43,298.0,294.0,252.0,103.25,Quincy Acy,2017,2017
70,200757.0,-0.67,0.24,-0.43,296.0,347.0,179.0,103.25,Thabo Sefolosha,2017,2017
341,203957.0,-1.67,1.21,-0.46,299.0,454.0,64.0,103.25,Dante Exum,2017,2017
211,202708.0,-0.61,0.14,-0.47,300.0,337.0,200.0,103.25,Norris Cole,2017,2017
327,203933.0,0.9,-1.38,-0.48,301.0,96.0,450.0,103.25,T.J. Warren,2017,2017
272,203471.0,-0.07,-0.42,-0.49,303.0,230.0,320.0,103.25,Dennis Schroder,2017,2017
418,1627738.0,-0.59,0.1,-0.49,302.0,333.0,211.0,103.25,Deyonta Davis,2017,2017
319,203918.0,0.19,-0.69,-0.5,304.0,181.0,361.0,103.25,Rodney Hood,2017,2017
88,201155.0,-0.28,-0.22,-0.5,305.0,281.0,287.0,103.25,Rodney Stuckey,2017,2017
409,1626273.0,-0.21,-0.3,-0.51,307.0,267.0,301.0,103.25,Marcelo Huertas,2017,2017
94,201166.0,-0.94,0.43,-0.51,308.0,391.0,147.0,103.25,Aaron Brooks,2017,2017
393,1626188.0,0.47,-0.98,-0.51,306.0,142.0,411.0,103.25,Quinn Cook,2017,2017
7,2037.0,0.51,-1.03,-0.52,309.0,137.0,417.0,103.25,Jamal Crawford,2017,2017
372,1626159.0,-1.48,0.96,-0.52,310.0,441.0,80.0,103.25,Justise Winslow,2017,2017
235,203086.0,0.01,-0.56,-0.55,311.0,217.0,338.0,103.25,Meyers Leonard,2017,2017
437,1627758.0,-0.22,-0.33,-0.56,313.0,270.0,308.0,103.25,Ron Baker,2017,2017
387,1626176.0,-0.59,0.04,-0.56,312.0,334.0,223.0,103.25,Rakeem Christmas,2017,2017
395,1626192.0,0.27,-0.84,-0.57,316.0,165.0,391.0,103.25,Pat Connaughton,2017,2017
112,201575.0,-0.02,-0.55,-0.57,314.0,222.0,334.0,103.25,Brandon Rush,2017,2017
478,1627861.0,-0.64,0.07,-0.57,315.0,343.0,219.0,103.25,Mike Tobey,2017,2017
6,2034.0,-0.37,-0.22,-0.59,317.0,300.0,288.0,103.25,Mike Miller,2017,2017
335,203948.0,0.09,-0.68,-0.6,318.0,198.0,358.0,103.25,Johnny O'Bryant III,2017,2017
485,202694203484.0,-0.49,-0.12,-0.62,319.0,316.0,266.0,103.25,Marcus Morris Sr.,2017,2017
486,202694203484.0,-0.49,-0.12,-0.62,319.0,316.0,266.0,103.25,Kentavious Caldwell-Pope,2017,2017
50,101114.0,-0.36,-0.26,-0.62,320.0,297.0,295.0,103.25,Deron Williams,2017,2017
239,203092.0,-0.7,0.07,-0.63,321.0,352.0,218.0,103.25,Tyler Zeller,2017,2017
195,202685.0,-0.08,-0.55,-0.63,323.0,235.0,337.0,103.25,Jonas Valanciunas,2017,2017
276,203481.0,0.46,-1.08,-0.63,322.0,146.0,427.0,103.25,Jeff Withey,2017,2017
470,1627835.0,-0.88,0.24,-0.64,325.0,382.0,181.0,103.25,Paul Zipser,2017,2017
208,202702.0,0.54,-1.18,-0.64,324.0,134.0,438.0,103.25,Kenneth Faried,2017,2017
100,201202.0,-0.76,0.1,-0.67,326.0,363.0,213.0,103.25,Joel Anthony,2017,2017
414,1627734.0,-2.71,2.03,-0.68,329.0,482.0,16.0,103.25,Domantas Sabonis,2017,2017
472,1627849.0,0.08,-0.76,-0.68,328.0,200.0,373.0,103.25,Daniel Ochefu,2017,2017
163,202324.0,-1.26,0.58,-0.68,327.0,425.0,127.0,103.25,Derrick Favors,2017,2017
286,203498.0,-0.57,-0.12,-0.69,332.0,329.0,263.0,103.25,Shabazz Muhammad,2017,2017
392,1626185.0,-2.2,1.51,-0.69,330.0,470.0,42.0,103.25,Jarell Martin,2017,2017
368,1626155.0,0.56,-1.25,-0.69,331.0,131.0,445.0,103.25,Sam Dekker,2017,2017
115,201579.0,-0.85,0.13,-0.72,333.0,374.0,201.0,103.25,Roy Hibbert,2017,2017
464,1627819.0,-0.08,-0.66,-0.73,335.0,234.0,351.0,103.25,Isaiah Taylor,2017,2017
467,1627827.0,-0.27,-0.45,-0.73,334.0,278.0,323.0,103.25,Dorian Finney-Smith,2017,2017
204,202696.0,-1.57,0.83,-0.74,336.0,448.0,93.0,103.25,Nikola Vucevic,2017,2017
461,1627815.0,-1.03,0.28,-0.75,337.0,397.0,168.0,103.25,Sheldon Mac,2017,2017
200,202692.0,-0.52,-0.24,-0.76,338.0,321.0,291.0,103.25,Alec Burks,2017,2017
320,203922.0,-0.82,0.06,-0.76,339.0,372.0,220.0,103.25,Glenn Robinson III,2017,2017
160,202130.0,-0.61,-0.16,-0.77,340.0,336.0,274.0,103.25,Reggie Williams,2017,2017
38,2747.0,-0.1,-0.68,-0.78,341.0,243.0,359.0,103.25,JR Smith,2017,2017
157,202066.0,0.16,-0.95,-0.79,342.0,187.0,407.0,103.25,Garrett Temple,2017,2017
234,203085.0,-0.05,-0.75,-0.8,343.0,226.0,371.0,103.25,Austin Rivers,2017,2017
243,203096.0,-0.42,-0.38,-0.81,344.0,304.0,314.0,103.25,Jared Sullinger,2017,2017
99,201196.0,-0.67,-0.15,-0.82,346.0,346.0,270.0,103.25,Ramon Sessions,2017,2017
433,1627754.0,-0.75,-0.07,-0.82,345.0,362.0,248.0,103.25,Diamond Stone,2017,2017
277,203482.0,-1.6,0.76,-0.84,347.0,449.0,108.0,103.25,Kelly Olynyk,2017,2017
74,200771.0,-0.27,-0.57,-0.85,348.0,277.0,341.0,103.25,Sergio Rodriguez,2017,2017
429,1627749.0,-1.08,0.23,-0.85,349.0,406.0,185.0,103.25,Dejounte Murray,2017,2017
339,203953.0,0.24,-1.11,-0.87,350.0,172.0,430.0,103.25,Jabari Parker,2017,2017
428,1627748.0,-0.56,-0.33,-0.89,351.0,326.0,309.0,103.25,Thon Maker,2017,2017
212,202709.0,0.1,-1.0,-0.9,352.0,196.0,414.0,103.25,Cory Joseph,2017,2017
130,201628.0,-0.19,-0.71,-0.9,354.0,265.0,368.0,103.25,Bobby Brown,2017,2017
268,203462.0,-0.09,-0.82,-0.9,355.0,237.0,384.0,103.25,Archie Goodwin,2017,2017
314,203909.0,0.11,-1.01,-0.9,353.0,193.0,416.0,103.25,KJ McDaniels,2017,2017
22,2555.0,-1.08,0.17,-0.91,356.0,408.0,197.0,103.25,Nick Collison,2017,2017
252,203118.0,-0.7,-0.25,-0.96,357.0,353.0,292.0,103.25,Mike Scott,2017,2017
373,1626161.0,-1.11,0.14,-0.97,358.0,411.0,199.0,103.25,Willie Cauley-Stein,2017,2017
46,101107.0,-0.32,-0.65,-0.97,359.0,285.0,350.0,103.25,Marvin Williams,2017,2017
302,203546.0,-0.66,-0.32,-0.98,360.0,345.0,305.0,103.25,Ian Clark,2017,2017
205,202697.0,0.17,-1.16,-0.99,361.0,186.0,434.0,103.25,Iman Shumpert,2017,2017
443,1627770.0,-1.3,0.28,-1.02,362.0,429.0,169.0,103.25,Kay Felder,2017,2017
442,1627767.0,-0.5,-0.54,-1.03,365.0,317.0,333.0,103.25,Cheick Diallo,2017,2017
257,203145.0,-1.04,0.02,-1.03,363.0,401.0,229.0,103.25,Kent Bazemore,2017,2017
174,202337.0,-1.66,0.63,-1.03,364.0,452.0,121.0,103.25,Luke Babbitt,2017,2017
178,202344.0,-1.48,0.44,-1.04,366.0,440.0,145.0,103.25,Trevor Booker,2017,2017
177,202340.0,0.34,-1.4,-1.05,369.0,155.0,451.0,103.25,Avery Bradley,2017,2017
321,203923.0,-0.47,-0.58,-1.05,367.0,313.0,342.0,103.25,James Young,2017,2017
324,203926.0,0.68,-1.72,-1.05,368.0,117.0,467.0,103.25,Doug McDermott,2017,2017
226,203077.0,-2.04,0.98,-1.06,371.0,467.0,79.0,103.25,Michael Kidd-Gilchrist,2017,2017
452,1627782.0,-0.94,-0.12,-1.06,370.0,390.0,264.0,103.25,Wayne Selden,2017,2017
460,1627812.0,-0.14,-0.94,-1.09,372.0,252.0,406.0,103.25,Yogi Ferrell,2017,2017
62,101179.0,-0.44,-0.65,-1.09,373.0,307.0,349.0,103.25,Ronnie Price,2017,2017
422,1627742.0,0.07,-1.19,-1.12,374.0,207.0,439.0,103.25,Brandon Ingram,2017,2017
32,2733.0,-1.94,0.79,-1.15,375.0,464.0,101.0,103.25,Shaun Livingston,2017,2017
301,203530.0,-0.59,-0.57,-1.16,376.0,332.0,340.0,103.25,Joffrey Lauvergne,2017,2017
21,2548.0,-1.14,-0.02,-1.16,377.0,413.0,236.0,103.25,Dwyane Wade,2017,2017
126,201600.0,-1.21,0.04,-1.17,378.0,419.0,224.0,103.25,Omer Asik,2017,2017
194,202684.0,-0.99,-0.19,-1.18,379.0,395.0,282.0,103.25,Tristan Thompson,2017,2017
242,203095.0,-1.19,-0.01,-1.2,381.0,415.0,235.0,103.25,Evan Fournier,2017,2017
196,202687.0,-1.61,0.41,-1.2,380.0,450.0,153.0,103.25,Bismack Biyombo,2017,2017
101,201228.0,-1.54,0.32,-1.23,382.0,447.0,166.0,103.25,C.J. Watson,2017,2017
371,1626158.0,0.26,-1.5,-1.24,383.0,169.0,456.0,103.25,Richaun Holmes,2017,2017
412,1627362.0,-0.42,-0.83,-1.25,384.0,303.0,386.0,103.25,Briante Weber,2017,2017
31,2730.0,-2.73,1.47,-1.26,385.0,483.0,46.0,103.25,Dwight Howard,2017,2017
175,202338.0,-0.17,-1.09,-1.26,386.0,257.0,429.0,103.25,Kevin Seraphin,2017,2017
449,1627778.0,-0.29,-0.98,-1.27,387.0,282.0,412.0,103.25,Chinanu Onuaku,2017,2017
4,1897.0,-0.96,-0.31,-1.27,388.0,392.0,303.0,103.25,Metta World Peace,2017,2017
419,1627739.0,-0.35,-0.93,-1.28,390.0,292.0,403.0,103.25,Kris Dunn,2017,2017
258,203148.0,-1.22,-0.06,-1.28,389.0,420.0,243.0,103.25,Brian Roberts,2017,2017
119,201584.0,0.31,-1.62,-1.31,391.0,160.0,462.0,103.25,Courtney Lee,2017,2017
37,2744.0,-0.86,-0.46,-1.33,392.0,376.0,327.0,103.25,Al Jefferson,2017,2017
457,1627787.0,-0.74,-0.59,-1.33,393.0,359.0,344.0,103.25,Kyle Wiltjer,2017,2017
352,204025.0,-0.16,-1.17,-1.33,395.0,255.0,436.0,103.25,Tim Frazier,2017,2017
251,203115.0,-0.8,-0.53,-1.33,394.0,369.0,332.0,103.25,Will Barton,2017,2017
377,1626166.0,-1.88,0.54,-1.34,396.0,460.0,134.0,103.25,Cameron Payne,2017,2017
85,201149.0,-0.68,-0.67,-1.34,398.0,349.0,353.0,103.25,Joakim Noah,2017,2017
64,101187.0,-0.54,-0.8,-1.34,397.0,324.0,379.0,103.25,Alan Anderson,2017,2017
482,1627879.0,-1.2,-0.17,-1.37,400.0,418.0,277.0,103.25,Nicolas Laprovittola,2017,2017
162,202323.0,-1.86,0.49,-1.37,399.0,459.0,137.0,103.25,Evan Turner,2017,2017
281,203488.0,-0.46,-0.93,-1.39,401.0,311.0,402.0,103.25,Mike Muscala,2017,2017
350,204014.0,-0.72,-0.67,-1.39,402.0,354.0,355.0,103.25,Damjan Rudez,2017,2017
400,1626203.0,-1.16,-0.26,-1.42,404.0,414.0,297.0,103.25,Treveon Graham,2017,2017
308,203895.0,-0.13,-1.29,-1.42,403.0,247.0,446.0,103.25,Jordan McRae,2017,2017
63,101181.0,-1.73,0.27,-1.45,405.0,455.0,170.0,103.25,Jose Calderon,2017,2017
333,203943.0,-1.66,0.21,-1.46,406.0,453.0,188.0,103.25,Noah Vonleh,2017,2017
454,1627784.0,-0.68,-0.79,-1.47,407.0,348.0,377.0,103.25,Jarrod Uthoff,2017,2017
18,2449.0,-0.3,-1.18,-1.48,408.0,283.0,437.0,103.25,Luis Scola,2017,2017
382,1626171.0,-0.75,-0.75,-1.5,409.0,361.0,372.0,103.25,Bobby Portis,2017,2017
245,203101.0,-1.31,-0.19,-1.51,410.0,431.0,283.0,103.25,Miles Plumlee,2017,2017
124,201589.0,-0.66,-0.86,-1.52,411.0,344.0,395.0,103.25,Darrell Arthur,2017,2017
386,1626175.0,-0.46,-1.07,-1.53,412.0,310.0,425.0,103.25,Jordan Mickey,2017,2017
466,1627826.0,-0.89,-0.69,-1.57,414.0,383.0,360.0,103.25,Ivica Zubac,2017,2017
267,203461.0,0.65,-2.22,-1.57,413.0,120.0,477.0,103.25,Anthony Bennett,2017,2017
36,2743.0,-1.92,0.34,-1.58,416.0,463.0,161.0,103.25,Kris Humphries,2017,2017
322,203924.0,-0.88,-0.71,-1.58,417.0,380.0,366.0,103.25,Jerami Grant,2017,2017
218,202718.0,-0.77,-0.8,-1.58,415.0,365.0,381.0,103.25,Chandler Parsons,2017,2017
289,203503.0,-0.78,-0.84,-1.62,418.0,366.0,388.0,103.25,Tony Snell,2017,2017
434,1627755.0,-0.9,-0.73,-1.63,420.0,387.0,369.0,103.25,Tyler Ulis,2017,2017
214,202711.0,0.02,-1.65,-1.63,419.0,216.0,466.0,103.25,Bojan Bogdanovic,2017,2017
383,1626172.0,-1.79,0.12,-1.67,421.0,457.0,207.0,103.25,Kevon Looney,2017,2017
43,2760.0,-0.88,-0.81,-1.69,423.0,379.0,383.0,103.25,Anderson Varejao,2017,2017
450,1627780.0,-0.89,-0.8,-1.69,422.0,385.0,378.0,103.25,Gary Payton II,2017,2017
357,204456.0,-1.23,-0.48,-1.7,424.0,421.0,328.0,103.25,T.J. McConnell,2017,2017
410,1626780.0,-0.46,-1.25,-1.71,425.0,312.0,443.0,103.25,Jonathan Gibson,2017,2017
25,2564.0,-0.93,-0.79,-1.72,426.0,388.0,375.0,103.25,Boris Diaw,2017,2017
223,202734.0,-0.56,-1.16,-1.72,427.0,327.0,435.0,103.25,E'Twaun Moore,2017,2017
336,203949.0,-1.84,0.1,-1.73,428.0,458.0,212.0,103.25,James Michael McAdoo,2017,2017
192,202682.0,-0.74,-1.01,-1.75,429.0,360.0,415.0,103.25,Derrick Williams,2017,2017
309,203897.0,-1.1,-0.66,-1.76,430.0,410.0,352.0,103.25,Zach LaVine,2017,2017
269,203463.0,-1.38,-0.39,-1.77,432.0,435.0,315.0,103.25,Ben McLemore,2017,2017
384,1626173.0,-1.37,-0.4,-1.77,431.0,434.0,317.0,103.25,Rashad Vaughn,2017,2017
388,1626178.0,-2.33,0.55,-1.78,433.0,474.0,132.0,103.25,Rondae Hollis-Jefferson,2017,2017
331,203939.0,-0.03,-1.76,-1.79,434.0,223.0,469.0,103.25,Dwight Powell,2017,2017
48,101109.0,-1.41,-0.4,-1.81,435.0,436.0,318.0,103.25,Raymond Felton,2017,2017
361,1626147.0,-0.87,-0.97,-1.84,436.0,378.0,410.0,103.25,Justin Anderson,2017,2017
30,2617.0,-1.65,-0.2,-1.85,437.0,451.0,285.0,103.25,Udonis Haslem,2017,2017
399,1626202.0,-1.35,-0.56,-1.91,439.0,433.0,339.0,103.25,Joe Young,2017,2017
453,1627783.0,-1.23,-0.68,-1.91,438.0,422.0,357.0,103.25,Pascal Siakam,2017,2017
15,2399.0,-2.63,0.7,-1.92,440.0,480.0,117.0,103.25,Mike Dunleavy,2017,2017
254,203124.0,-1.01,-0.94,-1.95,442.0,396.0,405.0,103.25,Kyle O'Quinn,2017,2017
421,1627741.0,-1.04,-0.91,-1.95,441.0,399.0,400.0,103.25,Buddy Hield,2017,2017
171,202334.0,-1.27,-0.7,-1.97,443.0,426.0,365.0,103.25,Ed Davis,2017,2017
229,203080.0,-0.8,-1.2,-2.01,444.0,370.0,440.0,103.25,Thomas Robinson,2017,2017
475,1627852.0,-0.14,-1.88,-2.02,445.0,251.0,474.0,103.25,Nicolas Brussino,2017,2017
221,202730.0,-0.56,-1.46,-2.02,446.0,328.0,454.0,103.25,Lavoy Allen,2017,2017
97,201177.0,-1.19,-0.89,-2.07,447.0,416.0,399.0,103.25,Josh McRoberts,2017,2017
145,201956.0,-0.79,-1.29,-2.08,448.0,368.0,447.0,103.25,Omri Casspi,2017,2017
369,1626156.0,0.08,-2.24,-2.15,450.0,199.0,478.0,103.25,D'Angelo Russell,2017,2017
207,202700.0,-0.51,-1.64,-2.15,449.0,319.0,465.0,103.25,Donatas Motiejunas,2017,2017
438,1627759.0,-1.96,-0.23,-2.19,451.0,466.0,290.0,103.25,Jaylen Brown,2017,2017
139,201945.0,-0.89,-1.34,-2.23,452.0,384.0,449.0,103.25,Gerald Henderson,2017,2017
55,101138.0,0.15,-2.4,-2.26,453.0,188.0,482.0,103.25,Brandon Bass,2017,2017
28,2592.0,-1.04,-1.22,-2.26,454.0,400.0,441.0,103.25,James Jones,2017,2017
359,1626144.0,-1.41,-0.86,-2.27,455.0,438.0,394.0,103.25,Emmanuel Mudiay,2017,2017
217,202714.0,-1.41,-0.88,-2.3,456.0,437.0,397.0,103.25,Shelvin Mack,2017,2017
265,203459.0,-0.51,-1.8,-2.32,457.0,320.0,471.0,103.25,Allen Crabbe,2017,2017
71,200765.0,-0.87,-1.47,-2.33,458.0,377.0,455.0,103.25,Rajon Rondo,2017,2017
275,203477.0,-1.54,-0.84,-2.38,459.0,445.0,390.0,103.25,Isaiah Canaan,2017,2017
323,203925.0,-2.36,-0.04,-2.39,460.0,476.0,240.0,103.25,Joe Harris,2017,2017
133,201936.0,-2.24,-0.15,-2.4,461.0,473.0,272.0,103.25,Tyreke Evans,2017,2017
456,1627786.0,-1.78,-0.7,-2.48,462.0,456.0,363.0,103.25,Troy Williams,2017,2017
232,203083.0,-1.29,-1.24,-2.53,463.0,428.0,442.0,103.25,Andre Drummond,2017,2017
312,203902.0,-1.05,-1.56,-2.61,464.0,402.0,460.0,103.25,Semaj Christon,2017,2017
82,201145.0,-2.33,-0.3,-2.63,466.0,475.0,300.0,103.25,Jeff Green,2017,2017
334,203944.0,-0.18,-2.45,-2.63,465.0,259.0,483.0,103.25,Julius Randle,2017,2017
415,1627735.0,-2.17,-0.46,-2.63,467.0,469.0,326.0,103.25,Wade Baldwin IV,2017,2017
210,202704.0,-0.55,-2.09,-2.64,468.0,325.0,475.0,103.25,Reggie Jackson,2017,2017
95,201167.0,-0.37,-2.32,-2.69,469.0,299.0,481.0,103.25,Arron Afflalo,2017,2017
476,1627854.0,-1.95,-0.79,-2.74,470.0,465.0,376.0,103.25,Bryn Forbes,2017,2017
241,203094.0,-1.33,-1.55,-2.87,471.0,432.0,459.0,103.25,Andrew Nicholson,2017,2017
313,203903.0,-1.08,-1.84,-2.92,472.0,407.0,473.0,103.25,Jordan Clarkson,2017,2017
67,200751.0,-1.88,-1.04,-2.92,473.0,461.0,418.0,103.25,Randy Foye,2017,2017
290,203504.0,-1.88,-1.12,-3.0,474.0,462.0,431.0,103.25,Trey Burke,2017,2017
417,1627737.0,-1.31,-1.76,-3.08,475.0,430.0,470.0,103.25,Marquese Chriss,2017,2017
189,202498.0,-1.5,-1.58,-3.08,476.0,444.0,461.0,103.25,Lance Thomas,2017,2017
264,203458.0,-2.23,-0.95,-3.19,477.0,472.0,408.0,103.25,Alex Len,2017,2017
29,2594.0,-0.94,-2.3,-3.24,478.0,389.0,480.0,103.25,Kyle Korver,2017,2017
402,1626209.0,-2.22,-1.09,-3.31,479.0,471.0,428.0,103.25,Mario Hezonja,2017,2017
154,201977.0,-0.88,-2.65,-3.53,480.0,381.0,484.0,103.25,Marcus Thornton,2017,2017
253,203120.0,-2.49,-1.06,-3.56,481.0,477.0,424.0,103.25,Justin Hamilton,2017,2017
447,1627775.0,-2.91,-0.93,-3.84,482.0,484.0,401.0,103.25,Patrick McCaw,2017,2017
86,201150.0,-2.69,-1.51,-4.2,483.0,481.0,457.0,103.25,Spencer Hawes,2017,2017
197,202688.0,-2.13,-2.11,-4.24,484.0,468.0,476.0,103.25,Brandon Knight,2017,2017
109,201571.0,-3.57,-1.25,-4.81,485.0,486.0,444.0,103.25,D.J. Augustin,2017,2017
358,1626143.0,-3.47,-1.46,-4.92,486.0,485.0,452.0,103.25,Jahlil Okafor,2017,2017
